lat,lng,ionity
52.5121,-1.75107,0
52.7663,-2.11087,0
49.3897,7.44081,0
49.2113,6.97546,0
44.0239,10.0984,0
49.0959,5.27336,0
40.2473,-3.69001,0
52.7073,13.1052,0
52.0537,7.06311,0
40.4372,32.4136,0
42.0153,-6.30528,0
41.1743,-4.80393,0
40.2094,-3.32231,0
42.4492,12.4117,0
40.8255,-7.93534,0
42.3079,-1.98364,0
51.3646,6.1255,0
47.9525,0.323344,0
39.4494,-0.74007,0
49.0614,16.6672,0
40.354,-3.83963,0
51.1616,5.96096,0
50.6619,17.6953,0
45.6544,9.75478,0
42.788,2.89539,0
40.9485,14.8335,0
42.0872,13.3577,0
51.5853,7.21495,0
42.6716,-2.89065,0
44.4265,11.6054,0
42.4134,14.1471,0
49.3492,6.93678,0
41.2963,-4.90131,0
39.132,-5.94718,0
36.4999,-5.00447,0
40.1121,0.130891,0
42.3041,24.205,0
39.7234,22.4807,0
40.5579,22.6006,0
44.6595,10.8596,0
41.1591,14.1831,0
44.2082,21.1061,0
51.5501,6.91529,0
49.5486,17.599,0
39.4233,-3.47308,0
36.9767,-5.95371,0
45.1678,17.6729,0
38.7392,23.0239,0
42.5096,12.2928,0
45.434,10.6054,0
47.698,7.0234,0
45.0451,19.0061,0
50.2548,18.9459,0
43.7693,1.38471,0
42.3975,14.1686,0
45.4772,11.7105,0
50.9528,3.55886,0
45.0906,10.0023,0
45.0616,9.64725,0
36.1768,-5.45155,0
41.7504,-3.68918,0
40.6869,-8.54159,0
43.4064,-4.76402,0
37.9512,-6.23055,0
37.6264,-6.14162,0
40.4213,22.5901,0
39.7801,-2.42741,0
49.6047,3.66056,0
41.3034,1.34614,0
42.7183,-8.30643,0
42.7144,-8.23837,0
42.0186,-5.85692,0
38.6377,-1.66584,0
37.1979,34.8263,0
38.4286,23.227,0
41.5548,-0.985904,0
41.5414,-0.561635,0
43.2982,-7.69938,0
49.945,18.4294,0
51.5354,13.9084,0
44.1513,21.1131,0
50.435,2.97684,0
39.1655,-2.87338,0
40.7094,23.6808,0
43.2398,-8.12846,0
41.1979,1.50134,0
39.4131,-2.21382,0
40.5297,-3.29171,0
39.3602,-2.45051,0
40.7665,31.6405,0
38.0448,-3.97039,0
38.0459,-3.94452,0
47.5594,0.59277,0
38.9903,-6.11704,0
36.8922,-2.44665,0
41.8028,-7.41447,0
49.1463,5.71291,0
45.7934,19.694,0
45.0673,15.2075,0
51.2491,15.347,0
43.3985,-4.71307,0
49.1225,4.24046,0
45.7604,16.0859,0
44.2942,11.2171,0
38.9069,21.1833,0
39.3364,20.9165,0
39.6304,-0.308766,0
39.9458,-0.62086,0
40.4113,29.1435,0
40.186,28.3356,0
40.9214,29.4809,0
40.7981,30.0171,0
39.0069,33.8163,0
45.3391,11.8507,0
40.2769,28.5313,0
37.5717,14.4797,1
47.0321,5.10971,1
41.3126,-2.00133,1
53.1616,6.29269,1
43.9996,4.70019,1
57.8129,13.4195,1
52.7507,-6.20215,1
50.0685,6.88021,1
51.0644,2.67361,1
51.4678,7.59696,1
41.6055,-8.551,1
52.3864,9.99892,1
46.7516,2.41761,1
49.6143,0.545844,1
49.3129,11.4747,1
52.5327,-0.32065,1
53.2991,9.53517,1
48.1578,15.9404,1
38.8246,-3.39686,1
48.1255,0.622302,1
48.467,1.57934,1
46.6096,15.6619,1
52.2191,19.4619,1
63.3246,10.3061,1
45.8765,6.07068,1
50.5731,2.37719,1
53.0006,9.17951,1
50.7247,10.8472,1
50.0702,6.88091,1
51.451,11.3051,1
51.5879,-0.629065,1
50.4874,4.09622,1
51.4741,7.15143,1
56.0686,9.97816,1
43.4218,-0.598593,1
49.6143,0.547145,1
50.6221,8.8972,1
50.6229,8.89485,1
52.1791,5.98428,1
52.0147,5.12222,1
50.4415,7.22398,1
50.4405,7.22563,1
44.1713,0.60966,1
47.8152,5.22317,1
50.8607,12.308,1
43.4186,-0.584799,1
43.3348,1.245,1
45.7374,7.40538,1
49.1679,-0.273798,1
49.1667,-0.276864,1
55.8372,-4.24249,1
37.5359,-8.18474,1
37.5363,-8.18292,1
55.4842,22.5873,1
53.8869,18.6309,1
46.3143,1.41925,1
49.8983,9.39435,1
39.7128,-8.71145,1
47.0309,5.10791,1
44.2868,-0.229096,1
62.3387,17.3538,1
51.9216,5.60375,1
56.0231,14.1731,1
51.8348,4.61808,1
46.6851,17.3798,1
51.5031,5.41437,1
48.4064,10.9523,1
40.6147,14.968,1
52.4249,10.7457,1
45.7972,12.8191,1
47.5192,12.0655,1
41.3116,-2.00274,1
51.9004,19.7065,1
52.1739,11.4951,1
53.11,9.98406,1
48.2319,7.40264,1
47.5044,4.03597,1
47.2232,5.01098,1
37.5757,-1.80083,1
36.8983,-4.42988,1
53.8557,13.3333,1
45.1376,0.701018,1
60.2542,11.182,1
41.8989,2.77052,1
46.7519,2.41708,1
43.3368,1.2449,1
47.9487,1.85953,1
44.8705,3.25303,1
50.8173,6.21663,1
43.592,7.03623,1
43.4138,6.45193,1
52.0556,-0.6987,1
46.6396,14.4514,1
50.6203,8.36292,1
50.056,11.6091,1
43.4235,5.99331,1
44.5149,4.78,1
48.5843,10.179,1
52.5408,8.1127,1
40.4584,-3.61609,1
48.1267,0.623299,1
51.836,4.62001,1
50.8338,9.57077,1
50.7265,10.8416,1
47.4901,14.4853,1
51.6958,7.9662,1
51.928,10.1417,1
46.9592,15.382,1
48.4116,10.9149,1
50.8567,12.3132,1
47.1134,8.23233,1
46.9199,13.5793,1
46.6064,15.6638,1
60.9835,25.7373,1
51.0632,13.5711,1
60.6676,17.0797,1
48.0583,10.8477,1
53.4007,-7.82795,1
50.2999,8.2347,1
47.8012,12.1772,1
45.1889,-0.492422,1
47.5848,13.1579,1
50.4884,9.70847,1
49.207,9.63927,1
47.664,1.38781,1
61.0077,24.422,1
48.1964,14.5282,1
56.017,12.7593,1
49.9258,7.9368,1
51.3801,5.98554,1
52.5088,-7.87441,1
49.9844,14.6026,1
47.8366,13.3959,1
50.9087,4.38627,1
45.6739,5.92998,1
42.7324,-1.61873,1
47.0063,11.5067,1
49.2426,10.3529,1
43.9853,3.18308,1
47.3662,9.65917,1
48.2407,17.3608,1
51.1568,6.9648,1
52.227,9.23255,1
45.8439,5.07051,1
50.8637,-3.38449,1
53.7705,-1.47691,1
51.1584,7.23033,1
59.1752,17.6429,1
59.6534,17.0832,1
57.1645,14.0758,1
50.1672,1.75588,1
53.1093,9.98166,1
55.5368,9.7169,1
59.8855,17.6662,1
48.6053,9.63281,1
45.8892,4.8935,1
50.6885,8.29592,1
47.3076,18.7442,1
50.9707,3.84423,1
47.8922,11.7313,1
58.0244,11.8475,1
48.3088,7.79152,1
51.2657,0.61576,1
50.8984,10.7256,1
55.5849,12.258,1
60.4259,22.724,1
47.9066,11.7174,1
44.2265,9.72971,1
48.6925,12.673,1
59.3871,10.7512,1
45.8851,4.89423,1
51.5138,-2.10977,1
45.2374,11.7629,1
47.3097,4.50181,1
51.3704,9.6334,1
45.6118,5.21279,1
48.5894,13.3654,1
58.3721,15.2948,1
51.0944,1.04682,1
51.6266,4.86959,1
52.3261,7.43007,1
50.6477,7.33452,1
53.6926,10.3204,1
53.8892,18.6308,1
45.5473,6.15482,1
51.2902,12.1376,1
43.2161,3.08953,1
49.1627,8.57079,1
51.7391,6.59518,1
50.8177,6.21385,1
59.1123,10.1103,1
45.277,5.623,1
53.1472,12.3987,1
49.1613,8.56723,1
48.5839,10.1756,1
52.0665,4.73841,1
54.0142,9.93325,1
54.0927,9.92914,1
50.0547,8.90818,1
59.2751,15.1775,1
49.5324,12.1349,1
58.0015,14.4509,1
48.5881,13.3667,1
49.0453,9.26622,1
50.6196,3.33894,1
48.0593,10.8468,1
53.6376,-6.25894,1
47.374,16.0938,1
46.7746,5.52301,1
46.8325,6.85938,1
59.3809,13.4653,1
48.4685,1.58001,1
49.0443,9.26164,1
57.168,12.2774,1
48.9318,12.7082,1
47.8028,12.1785,1
47.0944,2.2412,1
39.7129,-8.70963,1
52.0138,-0.203003,1
47.5005,-0.49057,1
46.2095,9.0266,1
45.2756,4.82557,1
54.9977,12.0007,1
58.8732,5.72126,1
46.1344,4.76684,1
52.1844,5.67055,1
46.1822,9.0018,1
48.0952,-0.693474,1
48.2624,2.72223,1
48.2641,2.72202,1
51.0602,13.572,1
48.6937,9.3033,1
44.0244,4.88964,1
50.6518,5.47375,1
48.8366,11.4722,1
51.9263,10.1432,1
47.6659,1.38776,1
45.6101,-0.598651,1
47.1658,0.63161,1
53.6944,10.3247,1
46.6836,17.3785,1
47.4494,8.70014,1
43.5862,-1.41959,1
52.3182,13.4947,1
48.0562,16.712,1
55.0652,9.36617,1
55.5562,12.9522,1
46.4205,4.86533,1
47.0118,9.51237,1
49.2151,6.17185,1
51.1579,6.96181,1
42.9649,-7.45761,1
44.0041,4.70363,1
42.9658,-7.45455,1
38.7995,-7.6597,1
37.3341,-6.78942,1
47.9745,3.19727,1
49.2054,9.6397,1
43.9157,1.30946,1
38.934,-6.34305,1
43.2238,11.8022,1
43.9229,4.91204,1
46.3133,1.41657,1
51.3053,-0.40673,1
52.5392,8.1146,1
40.7697,-6.28672,1
46.7018,0.371062,1
48.2191,10.1278,1
48.2059,8.62105,1
52.0143,5.11923,1
48.2255,4.13325,1
48.8371,11.4693,1
49.9558,14.0628,1
49.2412,10.3561,1
45.1971,6.62412,1
41.6434,0.931306,1
52.3888,9.99631,1
46.3398,14.1917,1
55.008,-3.08265,1
49.4551,15.5933,1
47.6806,17.9765,1
49.243,3.91911,1
45.3355,9.10753,1
50.9271,1.79825,1
46.3382,14.1913,1
43.5861,-1.42078,1
55.3093,10.8049,1
56.783,9.69481,1
41.4205,2.00216,1
53.3,9.53256,1
51.4683,7.59401,1
46.0647,6.40948,1
50.6554,5.71096,1
52.2237,9.22147,1
48.931,12.7054,1
42.5295,-3.33187,1
48.4253,16.5478,1
45.0309,1.5251,1
49.2445,3.92394,1
48.993,1.63351,1
52.3156,13.4947,1
50.6191,3.34115,1
58.2366,8.29948,1
50.491,4.09577,1
48.2062,8.62716,1
48.9089,-1.103,1
45.9077,15.3708,1
41.5942,-3.69681,1
50.9695,3.84157,1
42.5261,-3.3332,1
43.1824,-5.81129,1
58.9148,11.2603,1
47.8133,5.22459,1
40.6319,15.8136,1
46.7046,0.371265,1
38.8004,-7.66135,1
52.9985,9.18121,1
49.2042,4.01234,1
